{
  "conv": {
    "lr": {
      "0": 0.04,
      "1": 0.03990369453344394,
      "2": 0.03961570560806461,
      "3": 0.039138806714644175,
      "4": 0.03847759065022573,
      "5": 0.03763842528696709,
      "6": 0.0366293922460509,
      "7": 0.03546020906725473,
      "8": 0.03414213562373094,
      "9": 0.0326878656832729,
      "10": 0.031111404660392035,
      "11": 0.02942793473651995,
      "12": 0.027653668647301788,
      "13": 0.025805693545089235,
      "14": 0.023901806440322557,
      "15": 0.021960342806591208,
      "16": 0.01999999999999999,
      "17": 0.01803965719340878,
      "18": 0.01609819355967743,
      "19": 0.01419430645491075,
      "20": 0.012346331352698199,
      "21": 0.01057206526348004,
      "22": 0.008888595339607955,
      "23": 0.007312134316727089,
      "24": 0.005857864376269048,
      "25": 0.004539790932745258,
      "26": 0.0033706077539490914,
      "27": 0.0023615747130329,
      "28": 0.0015224093497742644,
      "29": 0.0008611932853558231,
      "30": 0.0003842943919353912,
      "31": 9.630546655606359e-05
    }
  },
  "salicon": {
    "loss": {
      "train": {
        "0": 0.7804453904047991,
        "1": 0.4787111840186975,
        "2": 0.36377259453710836,
        "3": 0.2946957975434951,
        "4": 0.2500220761180688,
        "5": 0.2234876407071566,
        "6": 0.1883964017749979,
        "7": 0.1646425180041637,
        "8": 0.13860321627595487,
        "9": 0.11465634770977956,
        "10": 0.09207433743927723,
        "11": 0.07094527726085523,
        "12": 0.050565373677855886,
        "13": 0.03433072075056724,
        "14": 0.015141931529610585,
        "15": 0.0005568772649917847,
        "16": -0.013825643067367567,
        "17": -0.026683515654160425,
        "18": -0.04015151705019749,
        "19": -0.05132625378572788,
        "20": -0.06106851746638616,
        "21": -0.07045083378369991,
        "22": -0.07890371483965562,
        "23": -0.08650926569811045,
        "24": -0.09142384881105943,
        "25": -0.0969204636863791,
        "26": -0.1011062024686581,
        "27": -0.10497797717555211,
        "28": -0.106968817110054,
        "29": -0.10885304850167953,
        "30": -0.11047412392993768,
        "31": -0.11118994400096245
      },
      "valid": {
        "0": 0.58940750761674,
        "1": 0.3298025979445531,
        "2": 0.3334984197639502,
        "3": 0.23822596745613295,
        "4": 0.235119479875534,
        "5": 0.2283782500964709,
        "6": 0.23293716661058939,
        "7": 0.24438390565606263,
        "8": 0.23094493647416434,
        "9": 0.2773564791259093,
        "10": 0.2472696179189743,
        "11": 0.26862507170209515,
        "12": 0.31723780395128787,
        "13": 0.27368764493327874,
        "14": 0.3039156508942445,
        "15": 0.2831496198972066,
        "16": 0.3350378831800742,
        "17": 0.3224855166597244,
        "18": 0.3147292646269004,
        "19": 0.3603181170347409,
        "20": 0.3235777720617942,
        "21": 0.3424318931423701,
        "22": 0.34642163874247134,
        "23": 0.3462614578505357,
        "24": 0.3644074733631733,
        "25": 0.3468460860924843,
        "26": 0.3620744559627313,
        "27": 0.3690883441804311,
        "28": 0.37907018627111727,
        "29": 0.3734867106645535,
        "30": 0.3771083796253571,
        "31": 0.37958563892887187
      }
    },
    "loss_0": {
      "train": {
        "0": 0.6497999277825539,
        "1": 0.47301123768855363,
        "2": 0.40588600895343685,
        "3": 0.36566148927578557,
        "4": 0.33953652712397087,
        "5": 0.3242630186753395,
        "6": 0.30365652519349867,
        "7": 0.28996427949422443,
        "8": 0.27459002692156875,
        "9": 0.26062852574082523,
        "10": 0.2474476717507992,
        "11": 0.23502539766904634,
        "12": 0.22308878681789607,
        "13": 0.21358906539777914,
        "14": 0.2023474851097816,
        "15": 0.19375861780001566,
        "16": 0.1854128303627173,
        "17": 0.17783901128822413,
        "18": 0.16997561455728152,
        "19": 0.16344313490658235,
        "20": 0.1577978471819407,
        "21": 0.15231848126038527,
        "22": 0.14736817626712415,
        "23": 0.14295774320952404,
        "24": 0.14010397440347916,
        "25": 0.13691113230127555,
        "26": 0.13446806175395465,
        "27": 0.1321958538908989,
        "28": 0.13110844096025595,
        "29": 0.12995783953617016,
        "30": 0.1290553192822979,
        "31": 0.12862727084220985
      },
      "valid": {
        "0": 0.5286805047056614,
        "1": 0.37765450794727373,
        "2": 0.3846426462897888,
        "3": 0.324791760971913,
        "4": 0.3233685134313045,
        "5": 0.3195568498892662,
        "6": 0.3225742588058496,
        "7": 0.3296758765593553,
        "8": 0.32114525788869613,
        "9": 0.35092019213315767,
        "10": 0.33014851120802075,
        "11": 0.34409900659169906,
        "12": 0.3757321916711636,
        "13": 0.34704709893617874,
        "14": 0.36673761617678863,
        "15": 0.3527240701592885,
        "16": 0.3862589366542987,
        "17": 0.3779941955820108,
        "18": 0.37283693215785885,
        "19": 0.4023797783331993,
        "20": 0.3780394475429486,
        "21": 0.39032004888241106,
        "22": 0.3926967128347128,
        "23": 0.3923739867332654,
        "24": 0.40405855748133784,
        "25": 0.3923359180872257,
        "26": 0.40239699414143193,
        "27": 0.40671882835718304,
        "28": 0.4131898935406636,
        "29": 0.40957215084479404,
        "30": 0.4119614601517335,
        "31": 0.4135601289379291
      }
    },
    "loss_1": {
      "train": {
        "0": 1.320132170445644,
        "1": 1.5775195448062358,
        "2": 1.6799952995318632,
        "3": 1.7433350288715117,
        "4": 1.7832619154300444,
        "5": 1.8099385022352903,
        "6": 1.8404547828130233,
        "7": 1.8645552370028617,
        "8": 1.8861031585778945,
        "9": 1.9082102106931882,
        "10": 1.929042862393917,
        "11": 1.9471966318595104,
        "12": 1.9653215927955432,
        "13": 1.979834837027085,
        "14": 1.9970940638047,
        "15": 2.0094187286419745,
        "16": 2.023169761284804,
        "17": 2.0338276082124467,
        "18": 2.0461409374689445,
        "19": 2.056375625041815,
        "20": 2.0658960269811826,
        "21": 2.0743855696458082,
        "22": 2.0820047752215314,
        "23": 2.089350938414916,
        "24": 2.093984827399254,
        "25": 2.099206403661997,
        "26": 2.1030822686659985,
        "27": 2.1064795840245027,
        "28": 2.109295206956374,
        "29": 2.1103152560117917,
        "30": 2.112543272666442,
        "31": 2.112909510731697
      },
      "valid": {
        "0": 1.3851774166791866,
        "1": 1.5884107924424684,
        "2": 1.6486180776204817,
        "3": 1.6778267194063237,
        "4": 1.6866174989785903,
        "5": 1.6959872719569085,
        "6": 1.6967454911806645,
        "7": 1.6917655636102726,
        "8": 1.6943299235441747,
        "9": 1.6864497569891124,
        "10": 1.6712581163797624,
        "11": 1.6743384828934302,
        "12": 1.6688425968854854,
        "13": 1.6682485991563551,
        "14": 1.6680062008209717,
        "15": 1.6615572953835511,
        "16": 1.6535020684584594,
        "17": 1.6572225086199932,
        "18": 1.654982967254443,
        "19": 1.6479946351968324,
        "20": 1.646030761492558,
        "21": 1.644575637120467,
        "22": 1.643330414325763,
        "23": 1.6390912509881532,
        "24": 1.6360755486366076,
        "25": 1.6338228583335876,
        "26": 1.6349190878562438,
        "27": 1.6310259875578759,
        "28": 1.6297568655931032,
        "29": 1.6302032126830175,
        "30": 1.6303606782204065,
        "31": 1.6297346139565492
      }
    },
    "loss_2": {
      "train": {
        "0": 0.6224128157616808,
        "1": 0.7305370951310183,
        "2": 0.7705688117406307,